"GEO","SEX","AGE","TIME","VALUE","FLAGS","FOOTNOTES"
"AT","T","Y1","2011","79563","",""
"AT","T","Y10","2011","80891","",""
"AT","T","Y11","2011","83499","",""
"AT","T","Y12","2011","83924","",""
"AT","T","Y13","2011","86902","",""
"AT","T","Y14","2011","91741","",""
"AT","T","Y15","2011","93006","",""
"AT","T","Y16","2011","94561","",""
"AT","T","Y17","2011","97336","",""
"AT","T","Y18","2011","100862","",""
"AT","T","Y19","2011","103053","",""
"AT","T","Y2","2011","77971","",""
"AT","T","Y20","2011","105442","",""
"AT","T","Y21","2011","104622","",""
"AT","T","Y22","2011","105666","",""
"AT","T","Y23","2011","106557","",""
"AT","T","Y24","2011","105388","",""
"AT","T","Y25","2011","107177","",""
"AT","T","Y26","2011","108919","",""
"AT","T","Y27","2011","110282","",""
"AT","T","Y28","2011","111589","",""
"AT","T","Y29","2011","114816","",""
"AT","T","Y3","2011","79029","",""
"AT","T","Y30","2011","114294","",""
"AT","T","Y31","2011","110067","",""
"AT","T","Y32","2011","106000","",""
"AT","T","Y33","2011","103848","",""
"AT","T","Y34","2011","104098","",""
"AT","T","Y35","2011","106282","",""
"AT","T","Y36","2011","110434","",""
"AT","T","Y37","2011","112862","",""
"AT","T","Y38","2011","114504","",""
"AT","T","Y39","2011","120735","",""
"AT","T","Y4","2011","78894","",""
"AT","T","Y40","2011","126229","",""
"AT","T","Y41","2011","129096","",""
"AT","T","Y42","2011","138142","",""
"AT","T","Y43","2011","140953","",""
"AT","T","Y44","2011","140822","",""
"AT","T","Y45","2011","141229","",""
"AT","T","Y46","2011","143110","",""
"AT","T","Y47","2011","143270","",""
"AT","T","Y48","2011","143351","",""
"AT","T","Y49","2011","139428","",""
"AT","T","Y5","2011","80163","",""
"AT","T","Y50","2011","133742","",""
"AT","T","Y51","2011","130784","",""
"AT","T","Y52","2011","125140","",""
"AT","T","Y53","2011","119519","",""
"AT","T","Y54","2011","116977","",""
"AT","T","Y55","2011","114526","",""
"AT","T","Y56","2011","106817","",""
"AT","T","Y57","2011","100811","",""
"AT","T","Y58","2011","98637","",""
"AT","T","Y59","2011","96489","",""
"AT","T","Y6","2011","81425","",""
"AT","T","Y60","2011","93089","",""
"AT","T","Y61","2011","94205","",""
"AT","T","Y62","2011","96672","",""
"AT","T","Y63","2011","97189","",""
"AT","T","Y64","2011","99510","",""
"AT","T","Y65","2011","75397","",""
"AT","T","Y66","2011","70762","",""
"AT","T","Y67","2011","86914","",""
"AT","T","Y68","2011","84050","",""
"AT","T","Y69","2011","85706","",""
"AT","T","Y7","2011","81211","",""
"AT","T","Y70","2011","95583","",""
"AT","T","Y71","2011","101868","",""
"AT","T","Y72","2011","92869","",""
"AT","T","Y73","2011","62639","",""
"AT","T","Y74","2011","57355","",""
"AT","T","Y75","2011","54966","",""
"AT","T","Y76","2011","53408","",""
"AT","T","Y77","2011","51443","",""
"AT","T","Y78","2011","51176","",""
"AT","T","Y79","2011","51210","",""
"AT","T","Y8","2011","81259","",""
"AT","T","Y80","2011","49369","",""
"AT","T","Y81","2011","47238","",""
"AT","T","Y82","2011","43946","",""
"AT","T","Y83","2011","40481","",""
"AT","T","Y84","2011","37099","",""
"AT","T","Y85","2011","35015","",""
"AT","T","Y86","2011","32118","",""
"AT","T","Y87","2011","28104","",""
"AT","T","Y88","2011","25092","",""
"AT","T","Y89","2011","21443","",""
"AT","T","Y9","2011","81969","",""
"AT","T","Y90","2011","17348","",""
"AT","T","Y91","2011","13703","",""
"AT","T","Y92","2011","7523","",""
"AT","T","Y93","2011","4411","",""
"AT","T","Y94","2011","3377","",""
"AT","T","Y95","2011","2571","",""
"AT","T","Y96","2011","2386","",""
"AT","T","Y97","2011","2075","",""
"AT","T","Y98","2011","1447","",""
"AT","T","Y99","2011","909","",""
"AT","T","Y_GE100","2011","1112","",""
"AT","T","Y_LT1","2011","79249","",""
"BE","T","Y1","2011","129580","",""
"BE","T","Y10","2011","122809","",""
"BE","T","Y11","2011","121330","",""
"BE","T","Y12","2011","122190","",""
"BE","T","Y13","2011","123984","",""
"BE","T","Y14","2011","124147","",""
"BE","T","Y15","2011","123072","",""
"BE","T","Y16","2011","124433","",""
"BE","T","Y17","2011","129492","",""
"BE","T","Y18","2011","134681","",""
"BE","T","Y19","2011","137340","",""
"BE","T","Y2","2011","130313","",""
"BE","T","Y20","2011","137649","",""
"BE","T","Y21","2011","136334","",""
"BE","T","Y22","2011","137002","",""
"BE","T","Y23","2011","136020","",""
"BE","T","Y24","2011","137088","",""
"BE","T","Y25","2011","135177","",""
"BE","T","Y26","2011","137866","",""
"BE","T","Y27","2011","138982","",""
"BE","T","Y28","2011","143015","",""
"BE","T","Y29","2011","145333","",""
"BE","T","Y3","2011","128002","",""
"BE","T","Y30","2011","147605","",""
"BE","T","Y31","2011","146064","",""
"BE","T","Y32","2011","144568","",""
"BE","T","Y33","2011","142975","",""
"BE","T","Y34","2011","141724","",""
"BE","T","Y35","2011","139758","",""
"BE","T","Y36","2011","143967","",""
"BE","T","Y37","2011","147920","",""
"BE","T","Y38","2011","153188","",""
"BE","T","Y39","2011","156371","",""
"BE","T","Y4","2011","127405","",""
"BE","T","Y40","2011","158215","",""
"BE","T","Y41","2011","156667","",""
"BE","T","Y42","2011","156245","",""
"BE","T","Y43","2011","157297","",""
"BE","T","Y44","2011","161471","",""
"BE","T","Y45","2011","165306","",""
"BE","T","Y46","2011","170020","",""
"BE","T","Y47","2011","166815","",""
"BE","T","Y48","2011","163229","",""
"BE","T","Y49","2011","162797","",""
"BE","T","Y5","2011","124632","",""
"BE","T","Y50","2011","160775","",""
"BE","T","Y51","2011","160726","",""
"BE","T","Y52","2011","156706","",""
"BE","T","Y53","2011","153211","",""
"BE","T","Y54","2011","149822","",""
"BE","T","Y55","2011","147535","",""
"BE","T","Y56","2011","144059","",""
"BE","T","Y57","2011","140092","",""
"BE","T","Y58","2011","138353","",""
"BE","T","Y59","2011","132292","",""
"BE","T","Y6","2011","122925","",""
"BE","T","Y60","2011","132261","",""
"BE","T","Y61","2011","130540","",""
"BE","T","Y62","2011","131176","",""
"BE","T","Y63","2011","128765","",""
"BE","T","Y64","2011","128162","",""
"BE","T","Y65","2011","107662","",""
"BE","T","Y66","2011","106174","",""
"BE","T","Y67","2011","99971","",""
"BE","T","Y68","2011","87401","",""
"BE","T","Y69","2011","78991","",""
"BE","T","Y7","2011","119853","",""
"BE","T","Y70","2011","87278","",""
"BE","T","Y71","2011","93507","",""
"BE","T","Y72","2011","93632","",""
"BE","T","Y73","2011","88806","",""
"BE","T","Y74","2011","85151","",""
"BE","T","Y75","2011","82712","",""
"BE","T","Y76","2011","82284","",""
"BE","T","Y77","2011","79559","",""
"BE","T","Y78","2011","79962","",""
"BE","T","Y79","2011","77077","",""
"BE","T","Y8","2011","118939","",""
"BE","T","Y80","2011","73641","",""
"BE","T","Y81","2011","65261","",""
"BE","T","Y82","2011","60245","",""
"BE","T","Y83","2011","55007","",""
"BE","T","Y84","2011","50634","",""
"BE","T","Y85","2011","46547","",""
"BE","T","Y86","2011","41135","",""
"BE","T","Y87","2011","36149","",""
"BE","T","Y88","2011","30510","",""
"BE","T","Y89","2011","26154","",""
"BE","T","Y9","2011","120976","",""
"BE","T","Y90","2011","21456","",""
"BE","T","Y91","2011","13187","",""
"BE","T","Y92","2011","7405","",""
"BE","T","Y93","2011","5758","",""
"BE","T","Y94","2011","4902","",""
"BE","T","Y95","2011","4358","",""
"BE","T","Y96","2011","3697","",""
"BE","T","Y97","2011","2534","",""
"BE","T","Y98","2011","1665","",""
"BE","T","Y99","2011","1138","",""
"BE","T","Y_GE100","2011","1630","",""
"BE","T","Y_LT1","2011","130212","",""
"CH","T","Y1","2011","81663","",""
"CH","T","Y10","2011","77650","",""
"CH","T","Y11","2011","82547","",""
"CH","T","Y12","2011","82199","",""
"CH","T","Y13","2011","83428","",""
"CH","T","Y14","2011","84867","",""
"CH","T","Y15","2011","87265","",""
"CH","T","Y16","2011","86936","",""
"CH","T","Y17","2011","88301","",""
"CH","T","Y18","2011","90378","",""
"CH","T","Y19","2011","95014","",""
"CH","T","Y2","2011","80196","",""
"CH","T","Y20","2011","96850","",""
"CH","T","Y21","2011","97786","",""
"CH","T","Y22","2011","97770","",""
"CH","T","Y23","2011","100145","",""
"CH","T","Y24","2011","99051","",""
"CH","T","Y25","2011","101829","",""
"CH","T","Y26","2011","103410","",""
"CH","T","Y27","2011","106243","",""
"CH","T","Y28","2011","106538","",""
"CH","T","Y29","2011","109784","",""
"CH","T","Y3","2011","79522","",""
"CH","T","Y30","2011","110176","",""
"CH","T","Y31","2011","111458","",""
"CH","T","Y32","2011","108965","",""
"CH","T","Y33","2011","107893","",""
"CH","T","Y34","2011","108326","",""
"CH","T","Y35","2011","107982","",""
"CH","T","Y36","2011","107898","",""
"CH","T","Y37","2011","110965","",""
"CH","T","Y38","2011","111639","",""
"CH","T","Y39","2011","115406","",""
"CH","T","Y4","2011","78288","",""
"CH","T","Y40","2011","119642","",""
"CH","T","Y41","2011","121658","",""
"CH","T","Y42","2011","125215","",""
"CH","T","Y43","2011","128544","",""
"CH","T","Y44","2011","129881","",""
"CH","T","Y45","2011","133048","",""
"CH","T","Y46","2011","133821","",""
"CH","T","Y47","2011","135997","",""
"CH","T","Y48","2011","132256","",""
"CH","T","Y49","2011","127385","",""
"CH","T","Y5","2011","77429","",""
"CH","T","Y50","2011","123289","",""
"CH","T","Y51","2011","120147","",""
"CH","T","Y52","2011","116703","",""
"CH","T","Y53","2011","112449","",""
"CH","T","Y54","2011","109769","",""
"CH","T","Y55","2011","106680","",""
"CH","T","Y56","2011","102454","",""
"CH","T","Y57","2011","99391","",""
"CH","T","Y58","2011","95934","",""
"CH","T","Y59","2011","95237","",""
"CH","T","Y6","2011","77450","",""
"CH","T","Y60","2011","91100","",""
"CH","T","Y61","2011","93158","",""
"CH","T","Y62","2011","91252","",""
"CH","T","Y63","2011","91965","",""
"CH","T","Y64","2011","89878","",""
"CH","T","Y65","2011","88767","",""
"CH","T","Y66","2011","84466","",""
"CH","T","Y67","2011","82815","",""
"CH","T","Y68","2011","79492","",""
"CH","T","Y69","2011","75469","",""
"CH","T","Y7","2011","77458","",""
"CH","T","Y70","2011","70109","",""
"CH","T","Y71","2011","64165","",""
"CH","T","Y72","2011","62137","",""
"CH","T","Y73","2011","59563","",""
"CH","T","Y74","2011","56476","",""
"CH","T","Y75","2011","55882","",""
"CH","T","Y76","2011","54492","",""
"CH","T","Y77","2011","52205","",""
"CH","T","Y78","2011","49266","",""
"CH","T","Y79","2011","47562","",""
"CH","T","Y8","2011","76270","",""
"CH","T","Y80","2011","44801","",""
"CH","T","Y81","2011","43201","",""
"CH","T","Y82","2011","39678","",""
"CH","T","Y83","2011","36563","",""
"CH","T","Y84","2011","33241","",""
"CH","T","Y85","2011","30858","",""
"CH","T","Y86","2011","27883","",""
"CH","T","Y87","2011","24525","",""
"CH","T","Y88","2011","21432","",""
"CH","T","Y89","2011","18326","",""
"CH","T","Y9","2011","77256","",""
"CH","T","Y90","2011","15892","",""
"CH","T","Y91","2011","12673","",""
"CH","T","Y92","2011","8782","",""
"CH","T","Y93","2011","6541","",""
"CH","T","Y94","2011","5170","",""
"CH","T","Y95","2011","3881","",""
"CH","T","Y96","2011","2803","",""
"CH","T","Y97","2011","2219","",""
"CH","T","Y98","2011","1484","",""
"CH","T","Y99","2011","932","",""
"CH","T","Y_GE100","2011","1401","",""
"CH","T","Y_LT1","2011","78426","",""
"DE","T","Y1","2011","658887","",""
"DE","T","Y10","2011","757320","",""
"DE","T","Y11","2011","777219","",""
"DE","T","Y12","2011","784584","",""
"DE","T","Y13","2011","804952","",""
"DE","T","Y14","2011","816491","",""
"DE","T","Y15","2011","779013","",""
"DE","T","Y16","2011","768289","",""
"DE","T","Y17","2011","781759","",""
"DE","T","Y18","2011","827713","",""
"DE","T","Y19","2011","857106","",""
"DE","T","Y2","2011","669486","",""
"DE","T","Y20","2011","941752","",""
"DE","T","Y21","2011","963077","",""
"DE","T","Y22","2011","976795","",""
"DE","T","Y23","2011","987668","",""
"DE","T","Y24","2011","966347","",""
"DE","T","Y25","2011","954021","",""
"DE","T","Y26","2011","958291","",""
"DE","T","Y27","2011","965443","",""
"DE","T","Y28","2011","994198","",""
"DE","T","Y29","2011","1000580","",""
"DE","T","Y3","2011","685476","",""
"DE","T","Y30","2011","991394","",""
"DE","T","Y31","2011","966253","",""
"DE","T","Y32","2011","936337","",""
"DE","T","Y33","2011","939790","",""
"DE","T","Y34","2011","918137","",""
"DE","T","Y35","2011","895725","",""
"DE","T","Y36","2011","901531","",""
"DE","T","Y37","2011","912217","",""
"DE","T","Y38","2011","954435","",""
"DE","T","Y39","2011","1078985","",""
"DE","T","Y4","2011","668896","",""
"DE","T","Y40","2011","1141652","",""
"DE","T","Y41","2011","1205105","",""
"DE","T","Y42","2011","1290214","",""
"DE","T","Y43","2011","1346088","",""
"DE","T","Y44","2011","1368130","",""
"DE","T","Y45","2011","1395284","",""
"DE","T","Y46","2011","1416669","",""
"DE","T","Y47","2011","1430141","",""
"DE","T","Y48","2011","1396458","",""
"DE","T","Y49","2011","1361127","",""
"DE","T","Y5","2011","670811","",""
"DE","T","Y50","2011","1326838","",""
"DE","T","Y51","2011","1293551","",""
"DE","T","Y52","2011","1234025","",""
"DE","T","Y53","2011","1197904","",""
"DE","T","Y54","2011","1153976","",""
"DE","T","Y55","2011","1132327","",""
"DE","T","Y56","2011","1106678","",""
"DE","T","Y57","2011","1069104","",""
"DE","T","Y58","2011","1057734","",""
"DE","T","Y59","2011","1053607","",""
"DE","T","Y6","2011","703690","",""
"DE","T","Y60","2011","1026769","",""
"DE","T","Y61","2011","1022100","",""
"DE","T","Y62","2011","952221","",""
"DE","T","Y63","2011","865631","",""
"DE","T","Y64","2011","836094","",""
"DE","T","Y65","2011","605927","",""
"DE","T","Y66","2011","799516","",""
"DE","T","Y67","2011","902796","",""
"DE","T","Y68","2011","861109","",""
"DE","T","Y69","2011","1004003","",""
"DE","T","Y7","2011","706619","",""
"DE","T","Y70","2011","990423","",""
"DE","T","Y71","2011","1097279","",""
"DE","T","Y72","2011","997178","",""
"DE","T","Y73","2011","914873","",""
"DE","T","Y74","2011","861486","",""
"DE","T","Y75","2011","811493","",""
"DE","T","Y76","2011","772418","",""
"DE","T","Y77","2011","604799","",""
"DE","T","Y78","2011","544174","",""
"DE","T","Y79","2011","537399","",""
"DE","T","Y8","2011","712023","",""
"DE","T","Y80","2011","536353","",""
"DE","T","Y81","2011","511847","",""
"DE","T","Y82","2011","475503","",""
"DE","T","Y83","2011","424552","",""
"DE","T","Y84","2011","379828","",""
"DE","T","Y85","2011","346065","",""
"DE","T","Y86","2011","302287","",""
"DE","T","Y87","2011","254206","",""
"DE","T","Y88","2011","228373","",""
"DE","T","Y89","2011","204145","",""
"DE","T","Y9","2011","732687","",""
"DE","T","Y90","2011","169319","",""
"DE","T","Y91","2011","133114","",""
"DE","T","Y92","2011","54758","",""
"DE","T","Y93","2011","39671","",""
"DE","T","Y94","2011","33738","",""
"DE","T","Y95","2011","28246","",""
"DE","T","Y96","2011","31393","",""
"DE","T","Y97","2011","22158","",""
"DE","T","Y98","2011","14750","",""
"DE","T","Y99","2011","9497","",""
"DE","T","Y_GE100","2011","13445","",""
"DE","T","Y_LT1","2011","656150","",""
"DK","T","Y1","2011","63665","",""
"DK","T","Y10","2011","67954","",""
"DK","T","Y11","2011","67323","",""
"DK","T","Y12","2011","67624","",""
"DK","T","Y13","2011","69181","",""
"DK","T","Y14","2011","69643","",""
"DK","T","Y15","2011","72310","",""
"DK","T","Y16","2011","73020","",""
"DK","T","Y17","2011","70615","",""
"DK","T","Y18","2011","71376","",""
"DK","T","Y19","2011","69145","",""
"DK","T","Y2","2011","66235","",""
"DK","T","Y20","2011","69776","",""
"DK","T","Y21","2011","68877","",""
"DK","T","Y22","2011","67544","",""
"DK","T","Y23","2011","65672","",""
"DK","T","Y24","2011","65590","",""
"DK","T","Y25","2011","63940","",""
"DK","T","Y26","2011","61909","",""
"DK","T","Y27","2011","61038","",""
"DK","T","Y28","2011","62438","",""
"DK","T","Y29","2011","62223","",""
"DK","T","Y3","2011","65406","",""
"DK","T","Y30","2011","65884","",""
"DK","T","Y31","2011","67084","",""
"DK","T","Y32","2011","69120","",""
"DK","T","Y33","2011","68830","",""
"DK","T","Y34","2011","71675","",""
"DK","T","Y35","2011","77639","",""
"DK","T","Y36","2011","76523","",""
"DK","T","Y37","2011","76594","",""
"DK","T","Y38","2011","79924","",""
"DK","T","Y39","2011","79108","",""
"DK","T","Y4","2011","66450","",""
"DK","T","Y40","2011","75808","",""
"DK","T","Y41","2011","75621","",""
"DK","T","Y42","2011","78221","",""
"DK","T","Y43","2011","83770","",""
"DK","T","Y44","2011","89886","",""
"DK","T","Y45","2011","86958","",""
"DK","T","Y46","2011","84977","",""
"DK","T","Y47","2011","83134","",""
"DK","T","Y48","2011","78571","",""
"DK","T","Y49","2011","76264","",""
"DK","T","Y5","2011","65532","",""
"DK","T","Y50","2011","76131","",""
"DK","T","Y51","2011","72913","",""
"DK","T","Y52","2011","72997","",""
"DK","T","Y53","2011","72401","",""
"DK","T","Y54","2011","72783","",""
"DK","T","Y55","2011","71575","",""
"DK","T","Y56","2011","69951","",""
"DK","T","Y57","2011","70850","",""
"DK","T","Y58","2011","69330","",""
"DK","T","Y59","2011","67837","",""
"DK","T","Y6","2011","65647","",""
"DK","T","Y60","2011","69625","",""
"DK","T","Y61","2011","68813","",""
"DK","T","Y62","2011","71844","",""
"DK","T","Y63","2011","75897","",""
"DK","T","Y64","2011","77749","",""
"DK","T","Y65","2011","74373","",""
"DK","T","Y66","2011","69839","",""
"DK","T","Y67","2011","63593","",""
"DK","T","Y68","2011","59128","",""
"DK","T","Y69","2011","51864","",""
"DK","T","Y7","2011","65583","",""
"DK","T","Y70","2011","49726","",""
"DK","T","Y71","2011","46545","",""
"DK","T","Y72","2011","45251","",""
"DK","T","Y73","2011","42517","",""
"DK","T","Y74","2011","39807","",""
"DK","T","Y75","2011","36966","",""
"DK","T","Y76","2011","34877","",""
"DK","T","Y77","2011","32086","",""
"DK","T","Y78","2011","30353","",""
"DK","T","Y79","2011","28351","",""
"DK","T","Y8","2011","65039","",""
"DK","T","Y80","2011","26778","",""
"DK","T","Y81","2011","24974","",""
"DK","T","Y82","2011","23830","",""
"DK","T","Y83","2011","21446","",""
"DK","T","Y84","2011","20161","",""
"DK","T","Y85","2011","18298","",""
"DK","T","Y86","2011","16651","",""
"DK","T","Y87","2011","14520","",""
"DK","T","Y88","2011","12168","",""
"DK","T","Y89","2011","11313","",""
"DK","T","Y9","2011","66066","",""
"DK","T","Y90","2011","9684","",""
"DK","T","Y91","2011","6891","",""
"DK","T","Y92","2011","5700","",""
"DK","T","Y93","2011","4388","",""
"DK","T","Y94","2011","3503","",""
"DK","T","Y95","2011","2487","",""
"DK","T","Y96","2011","1958","",""
"DK","T","Y97","2011","1264","",""
"DK","T","Y98","2011","990","",""
"DK","T","Y99","2011","601","",""
"DK","T","Y_GE100","2011","900","",""
"DK","T","Y_LT1","2011","63739","",""
"ES","T","Y1","2011","482720","",""
"ES","T","Y10","2011","452050","",""
"ES","T","Y11","2011","458980","",""
"ES","T","Y12","2011","434825","",""
"ES","T","Y13","2011","424870","",""
"ES","T","Y14","2011","429035","",""
"ES","T","Y15","2011","424135","",""
"ES","T","Y16","2011","430115","",""
"ES","T","Y17","2011","434090","",""
"ES","T","Y18","2011","456850","",""
"ES","T","Y19","2011","457845","",""
"ES","T","Y2","2011","505325","",""
"ES","T","Y20","2011","496540","",""
"ES","T","Y21","2011","504780","",""
"ES","T","Y22","2011","503435","",""
"ES","T","Y23","2011","504220","",""
"ES","T","Y24","2011","510025","",""
"ES","T","Y25","2011","564665","",""
"ES","T","Y26","2011","587450","",""
"ES","T","Y27","2011","609060","",""
"ES","T","Y28","2011","638665","",""
"ES","T","Y29","2011","684365","",""
"ES","T","Y3","2011","515565","",""
"ES","T","Y30","2011","702105","",""
"ES","T","Y31","2011","756415","",""
"ES","T","Y32","2011","776340","",""
"ES","T","Y33","2011","813210","",""
"ES","T","Y34","2011","843740","",""
"ES","T","Y35","2011","821850","",""
"ES","T","Y36","2011","830445","",""
"ES","T","Y37","2011","821435","",""
"ES","T","Y38","2011","804715","",""
"ES","T","Y39","2011","812865","",""
"ES","T","Y4","2011","498555","",""
"ES","T","Y40","2011","774260","",""
"ES","T","Y41","2011","771525","",""
"ES","T","Y42","2011","757840","",""
"ES","T","Y43","2011","765105","",""
"ES","T","Y44","2011","770665","",""
"ES","T","Y45","2011","721040","",""
"ES","T","Y46","2011","733325","",""
"ES","T","Y47","2011","737300","",""
"ES","T","Y48","2011","713850","",""
"ES","T","Y49","2011","702040","",""
"ES","T","Y5","2011","497970","",""
"ES","T","Y50","2011","651140","",""
"ES","T","Y51","2011","667150","",""
"ES","T","Y52","2011","655615","",""
"ES","T","Y53","2011","630220","",""
"ES","T","Y54","2011","618105","",""
"ES","T","Y55","2011","571595","",""
"ES","T","Y56","2011","552580","",""
"ES","T","Y57","2011","538725","",""
"ES","T","Y58","2011","527075","",""
"ES","T","Y59","2011","518430","",""
"ES","T","Y6","2011","491190","",""
"ES","T","Y60","2011","492230","",""
"ES","T","Y61","2011","487720","",""
"ES","T","Y62","2011","502445","",""
"ES","T","Y63","2011","513430","",""
"ES","T","Y64","2011","468085","",""
"ES","T","Y65","2011","455220","",""
"ES","T","Y66","2011","472025","",""
"ES","T","Y67","2011","451890","",""
"ES","T","Y68","2011","430665","",""
"ES","T","Y69","2011","366925","",""
"ES","T","Y7","2011","476930","",""
"ES","T","Y70","2011","362040","",""
"ES","T","Y71","2011","416460","",""
"ES","T","Y72","2011","282225","",""
"ES","T","Y73","2011","311825","",""
"ES","T","Y74","2011","352190","",""
"ES","T","Y75","2011","396135","",""
"ES","T","Y76","2011","363745","",""
"ES","T","Y77","2011","355720","",""
"ES","T","Y78","2011","357540","",""
"ES","T","Y79","2011","339505","",""
"ES","T","Y8","2011","470080","",""
"ES","T","Y80","2011","311090","",""
"ES","T","Y81","2011","293525","",""
"ES","T","Y82","2011","262775","",""
"ES","T","Y83","2011","237575","",""
"ES","T","Y84","2011","213240","",""
"ES","T","Y85","2011","190735","",""
"ES","T","Y86","2011","167730","",""
"ES","T","Y87","2011","147785","",""
"ES","T","Y88","2011","126815","",""
"ES","T","Y89","2011","108225","",""
"ES","T","Y9","2011","452430","",""
"ES","T","Y90","2011","84510","",""
"ES","T","Y91","2011","67820","",""
"ES","T","Y92","2011","47940","",""
"ES","T","Y93","2011","37630","",""
"ES","T","Y94","2011","28915","",""
"ES","T","Y95","2011","22650","",""
"ES","T","Y96","2011","18045","",""
"ES","T","Y97","2011","12935","",""
"ES","T","Y98","2011","8935","",""
"ES","T","Y99","2011","4645","",""
"ES","T","Y_GE100","2011","8180","",""
"ES","T","Y_LT1","2011","478730","",""
"FI","T","Y1","2011","60793","",""
"FI","T","Y10","2011","57897","",""
"FI","T","Y11","2011","58647","",""
"FI","T","Y12","2011","58007","",""
"FI","T","Y13","2011","60345","",""
"FI","T","Y14","2011","61813","",""
"FI","T","Y15","2011","64212","",""
"FI","T","Y16","2011","66246","",""
"FI","T","Y17","2011","66161","",""
"FI","T","Y18","2011","68295","",""
"FI","T","Y19","2011","67170","",""
"FI","T","Y2","2011","60205","",""
"FI","T","Y20","2011","67750","",""
"FI","T","Y21","2011","65918","",""
"FI","T","Y22","2011","66347","",""
"FI","T","Y23","2011","63334","",""
"FI","T","Y24","2011","64431","",""
"FI","T","Y25","2011","66802","",""
"FI","T","Y26","2011","69398","",""
"FI","T","Y27","2011","71202","",""
"FI","T","Y28","2011","70718","",""
"FI","T","Y29","2011","67943","",""
"FI","T","Y3","2011","59571","",""
"FI","T","Y30","2011","67435","",""
"FI","T","Y31","2011","67216","",""
"FI","T","Y32","2011","67468","",""
"FI","T","Y33","2011","68422","",""
"FI","T","Y34","2011","68736","",""
"FI","T","Y35","2011","67397","",""
"FI","T","Y36","2011","64401","",""
"FI","T","Y37","2011","58602","",""
"FI","T","Y38","2011","60720","",""
"FI","T","Y39","2011","62797","",""
"FI","T","Y4","2011","59926","",""
"FI","T","Y40","2011","65022","",""
"FI","T","Y41","2011","66323","",""
"FI","T","Y42","2011","71206","",""
"FI","T","Y43","2011","73281","",""
"FI","T","Y44","2011","73851","",""
"FI","T","Y45","2011","74163","",""
"FI","T","Y46","2011","75614","",""
"FI","T","Y47","2011","76545","",""
"FI","T","Y48","2011","75562","",""
"FI","T","Y49","2011","75193","",""
"FI","T","Y5","2011","58681","",""
"FI","T","Y50","2011","74926","",""
"FI","T","Y51","2011","74646","",""
"FI","T","Y52","2011","72275","",""
"FI","T","Y53","2011","75487","",""
"FI","T","Y54","2011","77523","",""
"FI","T","Y55","2011","76844","",""
"FI","T","Y56","2011","76909","",""
"FI","T","Y57","2011","75921","",""
"FI","T","Y58","2011","78585","",""
"FI","T","Y59","2011","75849","",""
"FI","T","Y6","2011","58858","",""
"FI","T","Y60","2011","78601","",""
"FI","T","Y61","2011","80718","",""
"FI","T","Y62","2011","82048","",""
"FI","T","Y63","2011","81350","",""
"FI","T","Y64","2011","78995","",""
"FI","T","Y65","2011","70149","",""
"FI","T","Y66","2011","55977","",""
"FI","T","Y67","2011","52887","",""
"FI","T","Y68","2011","42195","",""
"FI","T","Y69","2011","60789","",""
"FI","T","Y7","2011","57790","",""
"FI","T","Y70","2011","42918","",""
"FI","T","Y71","2011","49307","",""
"FI","T","Y72","2011","47084","",""
"FI","T","Y73","2011","43615","",""
"FI","T","Y74","2011","40571","",""
"FI","T","Y75","2011","39824","",""
"FI","T","Y76","2011","37066","",""
"FI","T","Y77","2011","34069","",""
"FI","T","Y78","2011","34640","",""
"FI","T","Y79","2011","34038","",""
"FI","T","Y8","2011","56819","",""
"FI","T","Y80","2011","33323","",""
"FI","T","Y81","2011","31017","",""
"FI","T","Y82","2011","28646","",""
"FI","T","Y83","2011","25537","",""
"FI","T","Y84","2011","23229","",""
"FI","T","Y85","2011","21187","",""
"FI","T","Y86","2011","18044","",""
"FI","T","Y87","2011","16082","",""
"FI","T","Y88","2011","13179","",""
"FI","T","Y89","2011","11365","",""
"FI","T","Y9","2011","57199","",""
"FI","T","Y90","2011","9413","",""
"FI","T","Y91","2011","5778","",""
"FI","T","Y92","2011","5268","",""
"FI","T","Y93","2011","4127","",""
"FI","T","Y94","2011","2973","",""
"FI","T","Y95","2011","2241","",""
"FI","T","Y96","2011","1622","",""
"FI","T","Y97","2011","1069","",""
"FI","T","Y98","2011","717","",""
"FI","T","Y99","2011","473","",""
"FI","T","Y_GE100","2011","622","",""
"FI","T","Y_LT1","2011","61126","",""
"FR","T","Y1","2011","797639","",""
"FR","T","Y10","2011","807669","",""
"FR","T","Y11","2011","803153","",""
"FR","T","Y12","2011","796250","",""
"FR","T","Y13","2011","786428","",""
"FR","T","Y14","2011","781774","",""
"FR","T","Y15","2011","784166","",""
"FR","T","Y16","2011","788870","",""
"FR","T","Y17","2011","798317","",""
"FR","T","Y18","2011","830831","",""
"FR","T","Y19","2011","827571","",""
"FR","T","Y2","2011","803843","",""
"FR","T","Y20","2011","814460","",""
"FR","T","Y21","2011","806085","",""
"FR","T","Y22","2011","799002","",""
"FR","T","Y23","2011","793851","",""
"FR","T","Y24","2011","786630","",""
"FR","T","Y25","2011","789140","",""
"FR","T","Y26","2011","790244","",""
"FR","T","Y27","2011","803033","",""
"FR","T","Y28","2011","807838","",""
"FR","T","Y29","2011","810500","",""
"FR","T","Y3","2011","804226","",""
"FR","T","Y30","2011","807548","",""
"FR","T","Y31","2011","798726","",""
"FR","T","Y32","2011","791918","",""
"FR","T","Y33","2011","802097","",""
"FR","T","Y34","2011","826250","",""
"FR","T","Y35","2011","849441","",""
"FR","T","Y36","2011","882700","",""
"FR","T","Y37","2011","905829","",""
"FR","T","Y38","2011","914525","",""
"FR","T","Y39","2011","921955","",""
"FR","T","Y4","2011","806199","",""
"FR","T","Y40","2011","905705","",""
"FR","T","Y41","2011","905098","",""
"FR","T","Y42","2011","903849","",""
"FR","T","Y43","2011","911091","",""
"FR","T","Y44","2011","916708","",""
"FR","T","Y45","2011","916442","",""
"FR","T","Y46","2011","910207","",""
"FR","T","Y47","2011","905276","",""
"FR","T","Y48","2011","895428","",""
"FR","T","Y49","2011","885453","",""
"FR","T","Y5","2011","804937","",""
"FR","T","Y50","2011","879425","",""
"FR","T","Y51","2011","871674","",""
"FR","T","Y52","2011","864126","",""
"FR","T","Y53","2011","855827","",""
"FR","T","Y54","2011","852326","",""
"FR","T","Y55","2011","848490","",""
"FR","T","Y56","2011","841598","",""
"FR","T","Y57","2011","845295","",""
"FR","T","Y58","2011","844428","",""
"FR","T","Y59","2011","849601","",""
"FR","T","Y6","2011","804169","",""
"FR","T","Y60","2011","843678","",""
"FR","T","Y61","2011","835761","",""
"FR","T","Y62","2011","782247","",""
"FR","T","Y63","2011","727916","",""
"FR","T","Y64","2011","674439","",""
"FR","T","Y65","2011","612299","",""
"FR","T","Y66","2011","549010","",""
"FR","T","Y67","2011","524708","",""
"FR","T","Y68","2011","513014","",""
"FR","T","Y69","2011","502497","",""
"FR","T","Y7","2011","811839","",""
"FR","T","Y70","2011","495433","",""
"FR","T","Y71","2011","498544","",""
"FR","T","Y72","2011","499499","",""
"FR","T","Y73","2011","491312","",""
"FR","T","Y74","2011","484927","",""
"FR","T","Y75","2011","481254","",""
"FR","T","Y76","2011","471628","",""
"FR","T","Y77","2011","463907","",""
"FR","T","Y78","2011","447417","",""
"FR","T","Y79","2011","433187","",""
"FR","T","Y8","2011","812579","",""
"FR","T","Y80","2011","408276","",""
"FR","T","Y81","2011","386704","",""
"FR","T","Y82","2011","359734","",""
"FR","T","Y83","2011","337513","",""
"FR","T","Y84","2011","310540","",""
"FR","T","Y85","2011","286074","",""
"FR","T","Y86","2011","261994","",""
"FR","T","Y87","2011","234483","",""
"FR","T","Y88","2011","197245","",""
"FR","T","Y89","2011","156400","",""
"FR","T","Y9","2011","812653","",""
"FR","T","Y90","2011","116772","",""
"FR","T","Y91","2011","84316","",""
"FR","T","Y92","2011","58394","",""
"FR","T","Y93","2011","50315","",""
"FR","T","Y94","2011","44180","",""
"FR","T","Y95","2011","38015","",""
"FR","T","Y96","2011","30764","",""
"FR","T","Y97","2011","24387","",""
"FR","T","Y98","2011","16592","",""
"FR","T","Y99","2011","11336","",""
"FR","T","Y_GE100","2011","18319","",""
"FR","T","Y_LT1","2011","795435","",""
"IT","T","Y1","2011","542012","",""
"IT","T","Y10","2011","561746","",""
"IT","T","Y11","2011","561267","",""
"IT","T","Y12","2011","558120","",""
"IT","T","Y13","2011","555160","",""
"IT","T","Y14","2011","558727","",""
"IT","T","Y15","2011","559106","",""
"IT","T","Y16","2011","556192","",""
"IT","T","Y17","2011","567899","",""
"IT","T","Y18","2011","583867","",""
"IT","T","Y19","2011","602401","",""
"IT","T","Y2","2011","553727","",""
"IT","T","Y20","2011","601270","",""
"IT","T","Y21","2011","612818","",""
"IT","T","Y22","2011","608066","",""
"IT","T","Y23","2011","621617","",""
"IT","T","Y24","2011","608578","",""
"IT","T","Y25","2011","616186","",""
"IT","T","Y26","2011","642321","",""
"IT","T","Y27","2011","655952","",""
"IT","T","Y28","2011","671379","",""
"IT","T","Y29","2011","689704","",""
"IT","T","Y3","2011","561994","",""
"IT","T","Y30","2011","701572","",""
"IT","T","Y31","2011","716536","",""
"IT","T","Y32","2011","754689","",""
"IT","T","Y33","2011","786678","",""
"IT","T","Y34","2011","821898","",""
"IT","T","Y35","2011","860129","",""
"IT","T","Y36","2011","904323","",""
"IT","T","Y37","2011","929944","",""
"IT","T","Y38","2011","929344","",""
"IT","T","Y39","2011","940426","",""
"IT","T","Y4","2011","559200","",""
"IT","T","Y40","2011","951293","",""
"IT","T","Y41","2011","943971","",""
"IT","T","Y42","2011","963862","",""
"IT","T","Y43","2011","969754","",""
"IT","T","Y44","2011","966705","",""
"IT","T","Y45","2011","979631","",""
"IT","T","Y46","2011","985610","",""
"IT","T","Y47","2011","980063","",""
"IT","T","Y48","2011","925710","",""
"IT","T","Y49","2011","901269","",""
"IT","T","Y5","2011","555643","",""
"IT","T","Y50","2011","871915","",""
"IT","T","Y51","2011","861434","",""
"IT","T","Y52","2011","832653","",""
"IT","T","Y53","2011","797169","",""
"IT","T","Y54","2011","783124","",""
"IT","T","Y55","2011","783323","",""
"IT","T","Y56","2011","768299","",""
"IT","T","Y57","2011","741957","",""
"IT","T","Y58","2011","721818","",""
"IT","T","Y59","2011","710142","",""
"IT","T","Y6","2011","561807","",""
"IT","T","Y60","2011","722303","",""
"IT","T","Y61","2011","732671","",""
"IT","T","Y62","2011","756972","",""
"IT","T","Y63","2011","770088","",""
"IT","T","Y64","2011","758098","",""
"IT","T","Y65","2011","726468","",""
"IT","T","Y66","2011","580615","",""
"IT","T","Y67","2011","613918","",""
"IT","T","Y68","2011","602627","",""
"IT","T","Y69","2011","596401","",""
"IT","T","Y7","2011","553674","",""
"IT","T","Y70","2011","633136","",""
"IT","T","Y71","2011","658215","",""
"IT","T","Y72","2011","642948","",""
"IT","T","Y73","2011","620507","",""
"IT","T","Y74","2011","557724","",""
"IT","T","Y75","2011","535396","",""
"IT","T","Y76","2011","531592","",""
"IT","T","Y77","2011","511626","",""
"IT","T","Y78","2011","480366","",""
"IT","T","Y79","2011","457468","",""
"IT","T","Y8","2011","557686","",""
"IT","T","Y80","2011","449438","",""
"IT","T","Y81","2011","431278","",""
"IT","T","Y82","2011","382099","",""
"IT","T","Y83","2011","356181","",""
"IT","T","Y84","2011","325824","",""
"IT","T","Y85","2011","295420","",""
"IT","T","Y86","2011","260189","",""
"IT","T","Y87","2011","234641","",""
"IT","T","Y88","2011","203653","",""
"IT","T","Y89","2011","179089","",""
"IT","T","Y9","2011","552285","",""
"IT","T","Y90","2011","141297","",""
"IT","T","Y91","2011","123298","",""
"IT","T","Y92","2011","52154","",""
"IT","T","Y93","2011","39603","",""
"IT","T","Y94","2011","34754","",""
"IT","T","Y95","2011","33255","",""
"IT","T","Y96","2011","30446","",""
"IT","T","Y97","2011","22450","",""
"IT","T","Y98","2011","15625","",""
"IT","T","Y99","2011","10192","",""
"IT","T","Y_GE100","2011","15079","",""
"IT","T","Y_LT1","2011","532995","",""
"LU","T","Y1","2011","5738","",""
"LU","T","Y10","2011","6186","",""
"LU","T","Y11","2011","6109","",""
"LU","T","Y12","2011","6003","",""
"LU","T","Y13","2011","6190","",""
"LU","T","Y14","2011","6434","",""
"LU","T","Y15","2011","6171","",""
"LU","T","Y16","2011","6272","",""
"LU","T","Y17","2011","6152","",""
"LU","T","Y18","2011","6048","",""
"LU","T","Y19","2011","5893","",""
"LU","T","Y2","2011","5724","",""
"LU","T","Y20","2011","6196","",""
"LU","T","Y21","2011","6110","",""
"LU","T","Y22","2011","6185","",""
"LU","T","Y23","2011","6181","",""
"LU","T","Y24","2011","6545","",""
"LU","T","Y25","2011","6485","",""
"LU","T","Y26","2011","6793","",""
"LU","T","Y27","2011","7038","",""
"LU","T","Y28","2011","7392","",""
"LU","T","Y29","2011","7582","",""
"LU","T","Y3","2011","5784","",""
"LU","T","Y30","2011","7559","",""
"LU","T","Y31","2011","7605","",""
"LU","T","Y32","2011","7716","",""
"LU","T","Y33","2011","7652","",""
"LU","T","Y34","2011","7698","",""
"LU","T","Y35","2011","7813","",""
"LU","T","Y36","2011","7647","",""
"LU","T","Y37","2011","7685","",""
"LU","T","Y38","2011","8097","",""
"LU","T","Y39","2011","8360","",""
"LU","T","Y4","2011","5856","",""
"LU","T","Y40","2011","8274","",""
"LU","T","Y41","2011","8463","",""
"LU","T","Y42","2011","8538","",""
"LU","T","Y43","2011","8606","",""
"LU","T","Y44","2011","8611","",""
"LU","T","Y45","2011","8728","",""
"LU","T","Y46","2011","8593","",""
"LU","T","Y47","2011","8388","",""
"LU","T","Y48","2011","8109","",""
"LU","T","Y49","2011","7893","",""
"LU","T","Y5","2011","5713","",""
"LU","T","Y50","2011","7596","",""
"LU","T","Y51","2011","7560","",""
"LU","T","Y52","2011","7256","",""
"LU","T","Y53","2011","7148","",""
"LU","T","Y54","2011","6851","",""
"LU","T","Y55","2011","6453","",""
"LU","T","Y56","2011","6454","",""
"LU","T","Y57","2011","6194","",""
"LU","T","Y58","2011","5985","",""
"LU","T","Y59","2011","5440","",""
"LU","T","Y6","2011","5765","",""
"LU","T","Y60","2011","5525","",""
"LU","T","Y61","2011","5418","",""
"LU","T","Y62","2011","5232","",""
"LU","T","Y63","2011","5022","",""
"LU","T","Y64","2011","4762","",""
"LU","T","Y65","2011","4099","",""
"LU","T","Y66","2011","4039","",""
"LU","T","Y67","2011","4096","",""
"LU","T","Y68","2011","3977","",""
"LU","T","Y69","2011","3621","",""
"LU","T","Y7","2011","5713","",""
"LU","T","Y70","2011","3622","",""
"LU","T","Y71","2011","3799","",""
"LU","T","Y72","2011","3606","",""
"LU","T","Y73","2011","3382","",""
"LU","T","Y74","2011","3209","",""
"LU","T","Y75","2011","3080","",""
"LU","T","Y76","2011","2959","",""
"LU","T","Y77","2011","2912","",""
"LU","T","Y78","2011","2768","",""
"LU","T","Y79","2011","2845","",""
"LU","T","Y8","2011","5771","",""
"LU","T","Y80","2011","2785","",""
"LU","T","Y81","2011","2575","",""
"LU","T","Y82","2011","2296","",""
"LU","T","Y83","2011","2101","",""
"LU","T","Y84","2011","1777","",""
"LU","T","Y85","2011","1526","",""
"LU","T","Y86","2011","1352","",""
"LU","T","Y87","2011","1141","",""
"LU","T","Y88","2011","970","",""
"LU","T","Y89","2011","809","",""
"LU","T","Y9","2011","5859","",""
"LU","T","Y90","2011","672","",""
"LU","T","Y91","2011","482","",""
"LU","T","Y92","2011","273","",""
"LU","T","Y93","2011","237","",""
"LU","T","Y94","2011","185","",""
"LU","T","Y95","2011","165","",""
"LU","T","Y96","2011","139","",""
"LU","T","Y97","2011","85","",""
"LU","T","Y98","2011","60","",""
"LU","T","Y99","2011","31","",""
"LU","T","Y_GE100","2011","67","",""
"LU","T","Y_LT1","2011","5792","",""
"NL","T","Y1","2011","185288","",""
"NL","T","Y10","2011","206735","",""
"NL","T","Y11","2011","202043","",""
"NL","T","Y12","2011","200899","",""
"NL","T","Y13","2011","195148","",""
"NL","T","Y14","2011","193915","",""
"NL","T","Y15","2011","194457","",""
"NL","T","Y16","2011","200285","",""
"NL","T","Y17","2011","200266","",""
"NL","T","Y18","2011","203609","",""
"NL","T","Y19","2011","208127","",""
"NL","T","Y2","2011","185686","",""
"NL","T","Y20","2011","210871","",""
"NL","T","Y21","2011","205310","",""
"NL","T","Y22","2011","204957","",""
"NL","T","Y23","2011","206741","",""
"NL","T","Y24","2011","206850","",""
"NL","T","Y25","2011","203001","",""
"NL","T","Y26","2011","201019","",""
"NL","T","Y27","2011","196389","",""
"NL","T","Y28","2011","198034","",""
"NL","T","Y29","2011","203095","",""
"NL","T","Y3","2011","182395","",""
"NL","T","Y30","2011","206217","",""
"NL","T","Y31","2011","199742","",""
"NL","T","Y32","2011","200663","",""
"NL","T","Y33","2011","197990","",""
"NL","T","Y34","2011","200152","",""
"NL","T","Y35","2011","202287","",""
"NL","T","Y36","2011","211565","",""
"NL","T","Y37","2011","219610","",""
"NL","T","Y38","2011","238157","",""
"NL","T","Y39","2011","249949","",""
"NL","T","Y4","2011","185730","",""
"NL","T","Y40","2011","261472","",""
"NL","T","Y41","2011","267597","",""
"NL","T","Y42","2011","256549","",""
"NL","T","Y43","2011","254265","",""
"NL","T","Y44","2011","256042","",""
"NL","T","Y45","2011","260647","",""
"NL","T","Y46","2011","265402","",""
"NL","T","Y47","2011","261205","",""
"NL","T","Y48","2011","256709","",""
"NL","T","Y49","2011","254329","",""
"NL","T","Y5","2011","187664","",""
"NL","T","Y50","2011","247864","",""
"NL","T","Y51","2011","245464","",""
"NL","T","Y52","2011","238922","",""
"NL","T","Y53","2011","234073","",""
"NL","T","Y54","2011","229996","",""
"NL","T","Y55","2011","224266","",""
"NL","T","Y56","2011","220950","",""
"NL","T","Y57","2011","217486","",""
"NL","T","Y58","2011","217707","",""
"NL","T","Y59","2011","209838","",""
"NL","T","Y6","2011","193449","",""
"NL","T","Y60","2011","210341","",""
"NL","T","Y61","2011","212539","",""
"NL","T","Y62","2011","218020","",""
"NL","T","Y63","2011","228407","",""
"NL","T","Y64","2011","234345","",""
"NL","T","Y65","2011","166954","",""
"NL","T","Y66","2011","172881","",""
"NL","T","Y67","2011","162308","",""
"NL","T","Y68","2011","148601","",""
"NL","T","Y69","2011","139816","",""
"NL","T","Y7","2011","200172","",""
"NL","T","Y70","2011","141445","",""
"NL","T","Y71","2011","134070","",""
"NL","T","Y72","2011","128646","",""
"NL","T","Y73","2011","118414","",""
"NL","T","Y74","2011","114943","",""
"NL","T","Y75","2011","109017","",""
"NL","T","Y76","2011","104550","",""
"NL","T","Y77","2011","98577","",""
"NL","T","Y78","2011","96715","",""
"NL","T","Y79","2011","90462","",""
"NL","T","Y8","2011","200982","",""
"NL","T","Y80","2011","86444","",""
"NL","T","Y81","2011","77885","",""
"NL","T","Y82","2011","72370","",""
"NL","T","Y83","2011","64614","",""
"NL","T","Y84","2011","59515","",""
"NL","T","Y85","2011","53485","",""
"NL","T","Y86","2011","48158","",""
"NL","T","Y87","2011","43135","",""
"NL","T","Y88","2011","36237","",""
"NL","T","Y89","2011","31041","",""
"NL","T","Y9","2011","202962","",""
"NL","T","Y90","2011","25833","",""
"NL","T","Y91","2011","17857","",""
"NL","T","Y92","2011","13574","",""
"NL","T","Y93","2011","10849","",""
"NL","T","Y94","2011","8078","",""
"NL","T","Y95","2011","5934","",""
"NL","T","Y96","2011","4541","",""
"NL","T","Y97","2011","3059","",""
"NL","T","Y98","2011","1915","",""
"NL","T","Y99","2011","1219","",""
"NL","T","Y_GE100","2011","1804","",""
"NL","T","Y_LT1","2011","184007","",""
"NO","T","Y1","2011","62645","",""
"NO","T","Y10","2011","60637","",""
"NO","T","Y11","2011","62475","",""
"NO","T","Y12","2011","62452","",""
"NO","T","Y13","2011","62540","",""
"NO","T","Y14","2011","64514","",""
"NO","T","Y15","2011","64800","",""
"NO","T","Y16","2011","65170","",""
"NO","T","Y17","2011","64312","",""
"NO","T","Y18","2011","64709","",""
"NO","T","Y19","2011","65699","",""
"NO","T","Y2","2011","63482","",""
"NO","T","Y20","2011","66955","",""
"NO","T","Y21","2011","67395","",""
"NO","T","Y22","2011","66167","",""
"NO","T","Y23","2011","65567","",""
"NO","T","Y24","2011","63446","",""
"NO","T","Y25","2011","64131","",""
"NO","T","Y26","2011","63370","",""
"NO","T","Y27","2011","64056","",""
"NO","T","Y28","2011","64172","",""
"NO","T","Y29","2011","65452","",""
"NO","T","Y3","2011","62548","",""
"NO","T","Y30","2011","65120","",""
"NO","T","Y31","2011","65483","",""
"NO","T","Y32","2011","65676","",""
"NO","T","Y33","2011","64884","",""
"NO","T","Y34","2011","64069","",""
"NO","T","Y35","2011","66293","",""
"NO","T","Y36","2011","67995","",""
"NO","T","Y37","2011","71638","",""
"NO","T","Y38","2011","71936","",""
"NO","T","Y39","2011","74148","",""
"NO","T","Y4","2011","61191","",""
"NO","T","Y40","2011","75187","",""
"NO","T","Y41","2011","73681","",""
"NO","T","Y42","2011","76134","",""
"NO","T","Y43","2011","75045","",""
"NO","T","Y44","2011","73138","",""
"NO","T","Y45","2011","72965","",""
"NO","T","Y46","2011","72227","",""
"NO","T","Y47","2011","70562","",""
"NO","T","Y48","2011","68276","",""
"NO","T","Y49","2011","66508","",""
"NO","T","Y5","2011","61423","",""
"NO","T","Y50","2011","65202","",""
"NO","T","Y51","2011","64979","",""
"NO","T","Y52","2011","65313","",""
"NO","T","Y53","2011","64097","",""
"NO","T","Y54","2011","63135","",""
"NO","T","Y55","2011","63356","",""
"NO","T","Y56","2011","61893","",""
"NO","T","Y57","2011","60408","",""
"NO","T","Y58","2011","60114","",""
"NO","T","Y59","2011","58563","",""
"NO","T","Y6","2011","60237","",""
"NO","T","Y60","2011","56321","",""
"NO","T","Y61","2011","57038","",""
"NO","T","Y62","2011","57017","",""
"NO","T","Y63","2011","57442","",""
"NO","T","Y64","2011","58499","",""
"NO","T","Y65","2011","60043","",""
"NO","T","Y66","2011","53237","",""
"NO","T","Y67","2011","50560","",""
"NO","T","Y68","2011","43427","",""
"NO","T","Y69","2011","40190","",""
"NO","T","Y7","2011","60476","",""
"NO","T","Y70","2011","34879","",""
"NO","T","Y71","2011","35759","",""
"NO","T","Y72","2011","34056","",""
"NO","T","Y73","2011","32178","",""
"NO","T","Y74","2011","29813","",""
"NO","T","Y75","2011","28156","",""
"NO","T","Y76","2011","26497","",""
"NO","T","Y77","2011","25342","",""
"NO","T","Y78","2011","24887","",""
"NO","T","Y79","2011","25322","",""
"NO","T","Y8","2011","59768","",""
"NO","T","Y80","2011","24205","",""
"NO","T","Y81","2011","23313","",""
"NO","T","Y82","2011","21567","",""
"NO","T","Y83","2011","20529","",""
"NO","T","Y84","2011","18626","",""
"NO","T","Y85","2011","17938","",""
"NO","T","Y86","2011","16136","",""
"NO","T","Y87","2011","14886","",""
"NO","T","Y88","2011","13288","",""
"NO","T","Y89","2011","11817","",""
"NO","T","Y9","2011","58725","",""
"NO","T","Y90","2011","9700","",""
"NO","T","Y91","2011","8626","",""
"NO","T","Y92","2011","5598","",""
"NO","T","Y93","2011","4779","",""
"NO","T","Y94","2011","3533","",""
"NO","T","Y95","2011","2457","",""
"NO","T","Y96","2011","1769","",""
"NO","T","Y97","2011","1224","",""
"NO","T","Y98","2011","807","",""
"NO","T","Y99","2011","558","",""
"NO","T","Y_GE100","2011","736","",""
"NO","T","Y_LT1","2011","60660","",""
"PL","T","Y1","2011","427818","",""
"PL","T","Y10","2011","371090","",""
"PL","T","Y11","2011","379849","",""
"PL","T","Y12","2011","386231","",""
"PL","T","Y13","2011","400363","",""
"PL","T","Y14","2011","419626","",""
"PL","T","Y15","2011","429398","",""
"PL","T","Y16","2011","454069","",""
"PL","T","Y17","2011","478937","",""
"PL","T","Y18","2011","496092","",""
"PL","T","Y19","2011","521508","",""
"PL","T","Y2","2011","430534","",""
"PL","T","Y20","2011","541947","",""
"PL","T","Y21","2011","543507","",""
"PL","T","Y22","2011","552471","",""
"PL","T","Y23","2011","571403","",""
"PL","T","Y24","2011","580312","",""
"PL","T","Y25","2011","613197","",""
"PL","T","Y26","2011","635725","",""
"PL","T","Y27","2011","656323","",""
"PL","T","Y28","2011","646831","",""
"PL","T","Y29","2011","616054","",""
"PL","T","Y3","2011","405198","",""
"PL","T","Y30","2011","617796","",""
"PL","T","Y31","2011","620086","",""
"PL","T","Y32","2011","608572","",""
"PL","T","Y33","2011","596093","",""
"PL","T","Y34","2011","602215","",""
"PL","T","Y35","2011","588121","",""
"PL","T","Y36","2011","568799","",""
"PL","T","Y37","2011","545851","",""
"PL","T","Y38","2011","526002","",""
"PL","T","Y39","2011","508281","",""
"PL","T","Y4","2011","386292","",""
"PL","T","Y40","2011","488654","",""
"PL","T","Y41","2011","472484","",""
"PL","T","Y42","2011","464658","",""
"PL","T","Y43","2011","457668","",""
"PL","T","Y44","2011","461460","",""
"PL","T","Y45","2011","466069","",""
"PL","T","Y46","2011","472405","",""
"PL","T","Y47","2011","483414","",""
"PL","T","Y48","2011","491810","",""
"PL","T","Y49","2011","508922","",""
"PL","T","Y5","2011","366862","",""
"PL","T","Y50","2011","528286","",""
"PL","T","Y51","2011","569538","",""
"PL","T","Y52","2011","591942","",""
"PL","T","Y53","2011","609654","",""
"PL","T","Y54","2011","596461","",""
"PL","T","Y55","2011","604612","",""
"PL","T","Y56","2011","587704","",""
"PL","T","Y57","2011","575049","",""
"PL","T","Y58","2011","558449","",""
"PL","T","Y59","2011","557736","",""
"PL","T","Y6","2011","357059","",""
"PL","T","Y60","2011","528562","",""
"PL","T","Y61","2011","501205","",""
"PL","T","Y62","2011","479136","",""
"PL","T","Y63","2011","452203","",""
"PL","T","Y64","2011","414314","",""
"PL","T","Y65","2011","309697","",""
"PL","T","Y66","2011","272945","",""
"PL","T","Y67","2011","278939","",""
"PL","T","Y68","2011","254937","",""
"PL","T","Y69","2011","266065","",""
"PL","T","Y7","2011","352320","",""
"PL","T","Y70","2011","269160","",""
"PL","T","Y71","2011","281738","",""
"PL","T","Y72","2011","270973","",""
"PL","T","Y73","2011","262966","",""
"PL","T","Y74","2011","261220","",""
"PL","T","Y75","2011","253283","",""
"PL","T","Y76","2011","236895","",""
"PL","T","Y77","2011","226023","",""
"PL","T","Y78","2011","216904","",""
"PL","T","Y79","2011","213128","",""
"PL","T","Y8","2011","348070","",""
"PL","T","Y80","2011","205688","",""
"PL","T","Y81","2011","182040","",""
"PL","T","Y82","2011","162620","",""
"PL","T","Y83","2011","140948","",""
"PL","T","Y84","2011","123309","",""
"PL","T","Y85","2011","113848","",""
"PL","T","Y86","2011","93477","",""
"PL","T","Y87","2011","81124","",""
"PL","T","Y88","2011","66623","",""
"PL","T","Y89","2011","49250","",""
"PL","T","Y9","2011","360871","",""
"PL","T","Y90","2011","36086","",""
"PL","T","Y91","2011","29063","",""
"PL","T","Y92","2011","15344","",""
"PL","T","Y93","2011","11151","",""
"PL","T","Y94","2011","9135","",""
"PL","T","Y95","2011","6784","",""
"PL","T","Y96","2011","6760","",""
"PL","T","Y97","2011","4497","",""
"PL","T","Y98","2011","3087","",""
"PL","T","Y99","2011","2042","",""
"PL","T","Y_GE100","2011","3261","",""
"PL","T","Y_LT1","2011","389387","",""
"SE","T","Y1","2011","117242","",""
"SE","T","Y10","2011","98015","",""
"SE","T","Y11","2011","97739","",""
"SE","T","Y12","2011","95569","",""
"SE","T","Y13","2011","96714","",""
"SE","T","Y14","2011","97927","",""
"SE","T","Y15","2011","103013","",""
"SE","T","Y16","2011","111375","",""
"SE","T","Y17","2011","120548","",""
"SE","T","Y18","2011","125842","",""
"SE","T","Y19","2011","131598","",""
"SE","T","Y2","2011","114285","",""
"SE","T","Y20","2011","134392","",""
"SE","T","Y21","2011","135871","",""
"SE","T","Y22","2011","129507","",""
"SE","T","Y23","2011","128092","",""
"SE","T","Y24","2011","123000","",""
"SE","T","Y25","2011","122757","",""
"SE","T","Y26","2011","121305","",""
"SE","T","Y27","2011","117838","",""
"SE","T","Y28","2011","116119","",""
"SE","T","Y29","2011","117117","",""
"SE","T","Y3","2011","112444","",""
"SE","T","Y30","2011","116651","",""
"SE","T","Y31","2011","120288","",""
"SE","T","Y32","2011","117607","",""
"SE","T","Y33","2011","114240","",""
"SE","T","Y34","2011","116325","",""
"SE","T","Y35","2011","118214","",""
"SE","T","Y36","2011","123075","",""
"SE","T","Y37","2011","128537","",""
"SE","T","Y38","2011","126962","",""
"SE","T","Y39","2011","129160","",""
"SE","T","Y4","2011","111284","",""
"SE","T","Y40","2011","129253","",""
"SE","T","Y41","2011","126097","",""
"SE","T","Y42","2011","124264","",""
"SE","T","Y43","2011","129715","",""
"SE","T","Y44","2011","136384","",""
"SE","T","Y45","2011","137555","",""
"SE","T","Y46","2011","137755","",""
"SE","T","Y47","2011","137226","",""
"SE","T","Y48","2011","127901","",""
"SE","T","Y49","2011","121974","",""
"SE","T","Y5","2011","110630","",""
"SE","T","Y50","2011","117928","",""
"SE","T","Y51","2011","116338","",""
"SE","T","Y52","2011","116806","",""
"SE","T","Y53","2011","116122","",""
"SE","T","Y54","2011","117308","",""
"SE","T","Y55","2011","117416","",""
"SE","T","Y56","2011","115345","",""
"SE","T","Y57","2011","112692","",""
"SE","T","Y58","2011","115157","",""
"SE","T","Y59","2011","113827","",""
"SE","T","Y6","2011","106635","",""
"SE","T","Y60","2011","112255","",""
"SE","T","Y61","2011","116635","",""
"SE","T","Y62","2011","120378","",""
"SE","T","Y63","2011","123877","",""
"SE","T","Y64","2011","124276","",""
"SE","T","Y65","2011","124876","",""
"SE","T","Y66","2011","122744","",""
"SE","T","Y67","2011","119515","",""
"SE","T","Y68","2011","110835","",""
"SE","T","Y69","2011","100493","",""
"SE","T","Y7","2011","106647","",""
"SE","T","Y70","2011","87771","",""
"SE","T","Y71","2011","82656","",""
"SE","T","Y72","2011","81757","",""
"SE","T","Y73","2011","77224","",""
"SE","T","Y74","2011","72024","",""
"SE","T","Y75","2011","68465","",""
"SE","T","Y76","2011","63635","",""
"SE","T","Y77","2011","60057","",""
"SE","T","Y78","2011","57266","",""
"SE","T","Y79","2011","57132","",""
"SE","T","Y8","2011","104977","",""
"SE","T","Y80","2011","54407","",""
"SE","T","Y81","2011","52992","",""
"SE","T","Y82","2011","48318","",""
"SE","T","Y83","2011","46936","",""
"SE","T","Y84","2011","42238","",""
"SE","T","Y85","2011","39673","",""
"SE","T","Y86","2011","36671","",""
"SE","T","Y87","2011","32788","",""
"SE","T","Y88","2011","29336","",""
"SE","T","Y89","2011","24849","",""
"SE","T","Y9","2011","102048","",""
"SE","T","Y90","2011","22744","",""
"SE","T","Y91","2011","19464","",""
"SE","T","Y92","2011","12916","",""
"SE","T","Y93","2011","9880","",""
"SE","T","Y94","2011","7754","",""
"SE","T","Y95","2011","5526","",""
"SE","T","Y96","2011","3845","",""
"SE","T","Y97","2011","2892","",""
"SE","T","Y98","2011","1939","",""
"SE","T","Y99","2011","1280","",""
"SE","T","Y_GE100","2011","1770","",""
"SE","T","Y_LT1","2011","112114","",""
"UK","T","Y1","2011","788505","",""
"UK","T","Y10","2011","697660","",""
"UK","T","Y11","2011","720235","",""
"UK","T","Y12","2011","737495","",""
"UK","T","Y13","2011","749620","",""
"UK","T","Y14","2011","764315","",""
"UK","T","Y15","2011","774890","",""
"UK","T","Y16","2011","774600","",""
"UK","T","Y17","2011","794345","",""
"UK","T","Y18","2011","809085","",""
"UK","T","Y19","2011","843535","",""
"UK","T","Y2","2011","782795","",""
"UK","T","Y20","2011","873320","",""
"UK","T","Y21","2011","851730","",""
"UK","T","Y22","2011","855780","",""
"UK","T","Y23","2011","868335","",""
"UK","T","Y24","2011","848035","",""
"UK","T","Y25","2011","865400","",""
"UK","T","Y26","2011","863125","",""
"UK","T","Y27","2011","854515","",""
"UK","T","Y28","2011","857725","",""
"UK","T","Y29","2011","865575","",""
"UK","T","Y3","2011","783310","",""
"UK","T","Y30","2011","879795","",""
"UK","T","Y31","2011","867735","",""
"UK","T","Y32","2011","822890","",""
"UK","T","Y33","2011","776345","",""
"UK","T","Y34","2011","778685","",""
"UK","T","Y35","2011","788155","",""
"UK","T","Y36","2011","808280","",""
"UK","T","Y37","2011","825915","",""
"UK","T","Y38","2011","865935","",""
"UK","T","Y39","2011","906195","",""
"UK","T","Y4","2011","763850","",""
"UK","T","Y40","2011","920155","",""
"UK","T","Y41","2011","905640","",""
"UK","T","Y42","2011","929620","",""
"UK","T","Y43","2011","928295","",""
"UK","T","Y44","2011","941925","",""
"UK","T","Y45","2011","942725","",""
"UK","T","Y46","2011","951995","",""
"UK","T","Y47","2011","935255","",""
"UK","T","Y48","2011","919355","",""
"UK","T","Y49","2011","893770","",""
"UK","T","Y5","2011","744535","",""
"UK","T","Y50","2011","870025","",""
"UK","T","Y51","2011","830540","",""
"UK","T","Y52","2011","819615","",""
"UK","T","Y53","2011","802785","",""
"UK","T","Y54","2011","771490","",""
"UK","T","Y55","2011","741675","",""
"UK","T","Y56","2011","726585","",""
"UK","T","Y57","2011","729600","",""
"UK","T","Y58","2011","713260","",""
"UK","T","Y59","2011","702955","",""
"UK","T","Y6","2011","711255","",""
"UK","T","Y60","2011","707530","",""
"UK","T","Y61","2011","728620","",""
"UK","T","Y62","2011","746425","",""
"UK","T","Y63","2011","809605","",""
"UK","T","Y64","2011","815800","",""
"UK","T","Y65","2011","628070","",""
"UK","T","Y66","2011","661770","",""
"UK","T","Y67","2011","621755","",""
"UK","T","Y68","2011","589575","",""
"UK","T","Y69","2011","516315","",""
"UK","T","Y7","2011","703155","",""
"UK","T","Y70","2011","495505","",""
"UK","T","Y71","2011","513590","",""
"UK","T","Y72","2011","502575","",""
"UK","T","Y73","2011","485410","",""
"UK","T","Y74","2011","465665","",""
"UK","T","Y75","2011","442200","",""
"UK","T","Y76","2011","421695","",""
"UK","T","Y77","2011","392945","",""
"UK","T","Y78","2011","381640","",""
"UK","T","Y79","2011","367540","",""
"UK","T","Y8","2011","678395","",""
"UK","T","Y80","2011","354655","",""
"UK","T","Y81","2011","325010","",""
"UK","T","Y82","2011","298280","",""
"UK","T","Y83","2011","268880","",""
"UK","T","Y84","2011","252070","",""
"UK","T","Y85","2011","228045","",""
"UK","T","Y86","2011","202750","",""
"UK","T","Y87","2011","181790","",""
"UK","T","Y88","2011","160125","",""
"UK","T","Y89","2011","145635","",""
"UK","T","Y9","2011","679270","",""
"UK","T","Y90","2011","128845","",""
"UK","T","Y91","2011","96490","",""
"UK","T","Y92","2011","58730","",""
"UK","T","Y93","2011","44440","",""
"UK","T","Y94","2011","39920","",""
"UK","T","Y95","2011","30890","",""
"UK","T","Y96","2011","24665","",""
"UK","T","Y97","2011","17485","",""
"UK","T","Y98","2011","12075","",""
"UK","T","Y99","2011","7840","",""
"UK","T","Y_GE100","2011","12270","",""
"UK","T","Y_LT1","2011","795495","",""
